<?xml version="1.0" encoding="UTF-8"?>
<project-private xmlns="http://www.netbeans.org/ns/project-private/1">
    <editor-bookmarks xmlns="http://www.netbeans.org/ns/editor-bookmarks/2" lastBookmarkId="0"/>
    <open-files xmlns="http://www.netbeans.org/ns/projectui-open-files/2">
        <group>
            <file>file:/C:/Users/Veronica/Desktop/UCEVA/Biomedica/4/Micro/TALLER%201/punto5/punto5.X/config.h</file>
            <file>file:/C:/Users/Veronica/Desktop/UCEVA/Biomedica/4/Micro/TALLER%201/punto5/punto5.X/config.c</file>
            <file>file:/C:/Users/Veronica/Desktop/UCEVA/Biomedica/4/Micro/TALLER%201/punto5/punto5.X/main.c</file>
        </group>
    </open-files>
</project-private>
